{
  "split_summary": {
    "strategy": "spatial",
    "spatial_block_size": 5000.0,
    "spatial_folds": 10,
    "validation_fold": 0,
    "test_fold": 1,
    "unique_spatial_groups": 261,
    "train_groups": 202,
    "validation_groups": 27,
    "test_groups": 32,
    "dropped_rows_with_missing_target": 12,
    "total_rows_after_target_drop": 14988,
    "feature_count": 12,
    "features_used": [
      "LULC",
      "NDVI",
      "Elevation",
      "Slope",
      "Curvature",
      "Aspect",
      "TWI",
      "Drainage_Density",
      "Precipitation",
      "Distance_to_Road",
      "Distance_to_River",
      "SPI"
    ],
    "coordinates_used_as_features": false,
    "train_rows": 12036,
    "validation_rows": 1483,
    "test_rows": 1469,
    "train_positive_rate": 0.2755068128946494,
    "validation_positive_rate": 0.26904922454484154,
    "test_positive_rate": 0.2682096664397549
  },
  "gaussian_noise_std": 0.05,
  "selected_threshold_from_validation": 0.565,
  "validation_metrics": {
    "roc_auc": 0.652903013992546,
    "average_precision": 0.44603039092090807,
    "accuracy": 0.6729602157788267,
    "balanced_accuracy": 0.6290021640817912,
    "precision": 0.416015625,
    "recall": 0.5338345864661654,
    "f1": 0.4676180021953897,
    "mcc": 0.2406486806734265,
    "brier_score": 0.23671814074537814,
    "log_loss": 0.6659166073885086,
    "threshold": 0.565,
    "tn": 785,
    "fp": 299,
    "fn": 186,
    "tp": 213
  },
  "test_metrics": {
    "roc_auc": 0.6147160901900601,
    "average_precision": 0.3726784820727833,
    "accuracy": 0.6228727025187202,
    "balanced_accuracy": 0.5646594262778892,
    "precision": 0.34189723320158105,
    "recall": 0.43908629441624364,
    "f1": 0.3844444444444444,
    "mcc": 0.1205662584296906,
    "brier_score": 0.24430151939522796,
    "log_loss": 0.6816604732713551,
    "threshold": 0.565,
    "tn": 742,
    "fp": 333,
    "fn": 221,
    "tp": 173
  },
  "output_directories": {
    "figures": "H:\\Flood Susceptibility\\ml_flood_susceptibility_mapping\\artifacts\\dnn_flood_mapping\\figures",
    "reports": "H:\\Flood Susceptibility\\ml_flood_susceptibility_mapping\\artifacts\\dnn_flood_mapping\\reports",
    "predictions": "H:\\Flood Susceptibility\\ml_flood_susceptibility_mapping\\artifacts\\dnn_flood_mapping\\predictions"
  }
}