split,roc_auc,average_precision,accuracy,balanced_accuracy,precision,recall,f1,mcc,brier_score,log_loss,threshold,tn,fp,fn,tp
validation,0.652903013992546,0.44603039092090807,0.6729602157788267,0.6290021640817912,0.416015625,0.5338345864661654,0.4676180021953897,0.2406486806734265,0.23671814074537814,0.6659166073885086,0.565,785,299,186,213
test,0.6147160901900601,0.3726784820727833,0.6228727025187202,0.5646594262778892,0.34189723320158105,0.43908629441624364,0.3844444444444444,0.1205662584296906,0.24430151939522796,0.6816604732713551,0.565,742,333,221,173
