model,family,roc_auc,average_precision,accuracy,balanced_accuracy,precision,recall,f1,mcc
Random Forest,tree_ensemble,0.6269649392043442,0.38788740092970464,0.6024506466984343,0.6013528509030811,0.3564954682779456,0.5989847715736041,0.44696969696969696,0.1804897510319054
XGBoost,boosting,0.6256380592610081,0.40238464898079057,0.5718175629680055,0.5989127611852202,0.34395750332005315,0.6573604060913706,0.45161290322580644,0.1753398638396519
LightGBM,boosting,0.6253535592019833,0.3970929845821299,0.6330837304288631,0.5684204934482351,0.3498964803312629,0.4289340101522843,0.38540478905359177,0.12904955694213457
Extra Trees,tree_ensemble,0.6227363947585881,0.37383377235971593,0.5976855003403676,0.5940774406799669,0.3505311077389985,0.5862944162436549,0.43874643874643876,0.16760331959905542
HistGradientBoosting,boosting,0.6207921142722229,0.36856993716317166,0.6501021102791015,0.5623621768386259,0.35507246376811596,0.3730964467005076,0.36386138613861385,0.12282229404259816
Gradient Boosting,boosting,0.6206563569826467,0.37068755543734566,0.597004765146358,0.5855731318616456,0.3453125,0.5609137055837563,0.4274661508704062,0.15291585358043167
AdaBoost,boosting,0.6192574666509266,0.3748518368268098,0.59428182437032,0.5877322630149924,0.345565749235474,0.5736040609137056,0.4312977099236641,0.1564134128230553
Decision Tree,tree,0.568850194782198,0.3410086976033008,0.4424778761061947,0.5370700035414945,0.2893954410307235,0.7411167512690355,0.41625089094796863,0.0708240026176999
