model,roc_auc,average_precision,f1
XGBoost,0.6691602160382506,0.4678933864364806,0.472
LightGBM,0.6687139897714767,0.454299389189707,0.4704463208685163
Random Forest,0.658606849226387,0.4382307407071212,0.46949327817993797
HistGradientBoosting,0.6551780743371344,0.4575507349726413,0.45901639344262296
Gradient Boosting,0.6521331002783712,0.4249799399118853,0.4700944386149003
Extra Trees,0.6505585920520859,0.4334280599213233,0.4642857142857143
AdaBoost,0.6462373646292854,0.4054028442392844,0.4605809128630705
Decision Tree,0.602859778597786,0.39187277184590874,0.44538407329105
