epoch,step,train_loss,val_ap,val_auc,val_loss
0,47,0.9938041567802428,0.3817675709724426,0.6332459449768066,0.9609359502792358
1,95,0.9490102529525756,0.4180793166160583,0.6431276798248291,0.9551552534103394
2,143,0.9437713623046876,0.4219729304313659,0.6459830403327942,0.9518452882766724
