{
  "split_summary": {
    "strategy": "spatial",
    "spatial_block_size": 5000.0,
    "spatial_folds": 10,
    "validation_fold": 0,
    "test_fold": 1,
    "unique_spatial_groups": 261,
    "train_groups": 202,
    "validation_groups": 27,
    "test_groups": 32,
    "dropped_rows_with_missing_target": 12,
    "total_rows_after_target_drop": 14988,
    "feature_count": 12,
    "features_used": [
      "LULC",
      "NDVI",
      "Elevation",
      "Slope",
      "Curvature",
      "Aspect",
      "TWI",
      "Drainage_Density",
      "Precipitation",
      "Distance_to_Road",
      "Distance_to_River",
      "SPI"
    ],
    "coordinates_used_as_features": false,
    "train_rows": 12036,
    "validation_rows": 1483,
    "test_rows": 1469,
    "train_positive_rate": 0.2755068128946494,
    "validation_positive_rate": 0.26904922454484154,
    "test_positive_rate": 0.2682096664397549
  },
  "gaussian_noise_std": 0.05,
  "selected_threshold_from_validation": 0.5099999999999999,
  "validation_metrics": {
    "roc_auc": 0.6198198448149895,
    "average_precision": 0.3946913953558737,
    "accuracy": 0.5394470667565745,
    "balanced_accuracy": 0.5836026875306347,
    "precision": 0.3280871670702179,
    "recall": 0.6791979949874687,
    "f1": 0.4424489795918367,
    "mcc": 0.14927209045535111,
    "brier_score": 0.24912402489408536,
    "log_loss": 0.6904340792108281,
    "threshold": 0.5099999999999999,
    "tn": 529,
    "fp": 555,
    "fn": 128,
    "tp": 271
  },
  "test_metrics": {
    "roc_auc": 0.6045449179553771,
    "average_precision": 0.37923137085053804,
    "accuracy": 0.5357385976855004,
    "balanced_accuracy": 0.5831047101876992,
    "precision": 0.32608695652173914,
    "recall": 0.6852791878172588,
    "f1": 0.44189852700491,
    "mcc": 0.1484785763825317,
    "brier_score": 0.24871459357375517,
    "log_loss": 0.6890415156073286,
    "threshold": 0.5099999999999999,
    "tn": 517,
    "fp": 558,
    "fn": 124,
    "tp": 270
  },
  "output_directories": {
    "figures": "H:\\Flood Susceptibility\\ml_flood_susceptibility_mapping\\artifacts\\dnn_flood_mapping_smoke\\figures",
    "reports": "H:\\Flood Susceptibility\\ml_flood_susceptibility_mapping\\artifacts\\dnn_flood_mapping_smoke\\reports",
    "predictions": "H:\\Flood Susceptibility\\ml_flood_susceptibility_mapping\\artifacts\\dnn_flood_mapping_smoke\\predictions"
  }
}