feature,mean_abs_shap
LULC,0.09566258064721839
NDVI,0.058277981187767294
Drainage_Density,0.04002346022322704
Elevation,0.02253463444027456
Distance_to_Road,0.02015015321588058
Precipitation,0.019365258305567176
TWI,0.01587098116571707
SPI,0.009474804377401948
Slope,0.008446891431381694
Distance_to_River,0.007979262565406936
Aspect,0.007733714655726542
Curvature,0.005986147882299528
