{
  "dataset_summary_path": "H:\\Flood Susceptibility\\ml_flood_susceptibility_mapping\\outputs\\tables\\dataset_summary.csv",
  "processed_data_dir": "H:\\Flood Susceptibility\\ml_flood_susceptibility_mapping\\data\\processed",
  "primary_model": "XGBoost",
  "benchmark_model": "Random Forest",
  "primary_model_threshold": 0.48499999999999993,
  "benchmark_model_threshold": 0.5049999999999999,
  "primary_model_metrics": {
    "roc_auc": 0.6256380592610081,
    "average_precision": 0.40238464898079057,
    "accuracy": 0.5718175629680055,
    "balanced_accuracy": 0.5989127611852202,
    "precision": 0.34395750332005315,
    "recall": 0.6573604060913706,
    "f1": 0.45161290322580644,
    "mcc": 0.1753398638396519,
    "brier_score": 0.23828155773496526,
    "log_loss": 0.6691090006693233,
    "threshold": 0.48499999999999993,
    "tn": 581,
    "fp": 494,
    "fn": 135,
    "tp": 259
  },
  "benchmark_model_metrics": {
    "roc_auc": 0.6269649392043442,
    "average_precision": 0.38788740092970464,
    "accuracy": 0.6024506466984343,
    "balanced_accuracy": 0.6013528509030811,
    "precision": 0.3564954682779456,
    "recall": 0.5989847715736041,
    "f1": 0.44696969696969696,
    "mcc": 0.1804897510319054,
    "brier_score": 0.24036205530717294,
    "log_loss": 0.6744889671401739,
    "threshold": 0.5049999999999999,
    "tn": 649,
    "fp": 426,
    "fn": 158,
    "tp": 236
  },
  "validation_top_model": "XGBoost",
  "test_top_roc_auc_model": "Random Forest",
  "test_top_average_precision_model": "XGBoost"
}